{
	"measurements" : [
		"campus",
		"seaside"
	],

	"campus" : {
		"center": [51.0595576, 3.7085241],
		"d0" : 20,
		"pl0" : 100
	},

	"seaside" : {
		"center": [51.149110, 2.716344],
		"d0" : 20,
		"pl0" : 100
	}
}